{
	"coord": {
		"lon": -74.006,
		"lat": 40.7143
	},
	"weather": [
		{
			"id": 804,
			"main": "Clouds",
			"description": "overcast clouds",
			"icon": "04n"
		}
	],
	"base": "stations",
	"main": {
		"temp": 7.23,
		"feels_like": 4.83,
		"temp_min": 4.63,
		"temp_max": 8.84,
		"pressure": 1012,
		"humidity": 79
	},
	"visibility": 10000,
	"wind": {
		"speed": 3.58,
		"deg": 360,
		"gust": 4.92
	},
	"clouds": {
		"all": 100
	},
	"dt": 1648713479,
	"sys": {
		"type": 2,
		"id": 2039034,
		"country": "US",
		"sunrise": 1648723264,
		"sunset": 1648768738
	},
	"timezone": -14400,
	"id": 5128581,
	"name": "New York",
	"cod": 200
}
